{
  "ID0": [1.350141, 103.779156, 1505404224, 0.5],
  "ID1": [1.353197, 103.777876, 1505404224, 0.1]
}
