{
        "ID1":
    [1.348619, 103.785239, 1507385413, 0.3],	    "ID0":
    [1.353197, 103.777876, 1507518342, 0.6]	}
